ruta,mes,velocidad_promedio,cantidad_registros
3442,2019-05,14.438460,45595
142,2019-05,19.930142,144768
3171,2019-05,20.672182,27515
332,2019-05,16.097333,32836
441,2019-05,20.271219,83420
3131,2019-05,15.668618,43695
3781,2019-05,12.312303,24209
437,2019-05,23.135918,97196
304,2019-05,16.050933,35008
2841,2019-05,16.245477,126840
2243,2019-05,15.341641,44514
2473,2019-05,16.766287,162970
4272,2019-05,17.170936,18924
3441,2019-05,16.455659,57001
131,2019-05,20.410193,185980
321,2019-05,14.902461,36486
3413,2019-05,16.097427,13472
333,2019-05,15.148040,39102
385,2019-05,17.121903,72494
373,2019-05,17.449305,66083
3372,2019-05,15.731638,35945
357,2019-05,13.932101,40003
2301,2019-05,18.640785,139502
2842,2019-05,17.401963,80417
305,2019-05,15.281030,40970
3452,2019-05,15.555335,29661
322,2019-05,14.082019,28907
334,2019-05,15.615839,29691
431,2019-05,22.257357,59512
3141,2019-05,17.958595,46450
3371,2019-05,17.428061,44748
2471,2019-05,17.675296,179580
427,2019-05,17.858253,86528
2104,2019-05,14.476818,77785
306,2019-05,15.791804,68353
318,2019-05,21.992087,39127
2241,2019-05,16.281715,67262
3112,2019-05,8.055255,9963
3124,2019-05,12.126359,28201
3411,2019-05,14.775886,95197
311,2019-05,17.266331,56880
323,2019-05,10.296599,11231
2801,2019-05,16.466435,25202
3722,2019-05,12.372886,8972
3192,2019-05,17.191360,44217
375,2019-05,19.512643,46878
282,2019-05,16.173505,78149
2121,2019-05,17.958252,222215
347,2019-05,19.350748,127303
2242,2019-05,16.938588,131065
2472,2019-05,17.132936,116016
3123,2019-05,11.755928,20315
-1,2019-05,39.274667,13056
3422,2019-05,19.697455,33190
243,2019-05,15.474370,27096
3721,2019-05,13.716637,37680
421,2019-05,23.788201,157785
376,2019-05,15.515402,45457
3191,2019-05,15.905910,45472
352,2019-05,15.190313,26701
271,2019-05,14.167760,73132
150,2019-05,17.774770,87372
2102,2019-05,14.575284,74989
336,2019-05,13.793265,28456
2401,2019-05,17.466860,72131
324,2019-05,12.956107,13075
2211,2019-05,16.843984,128272
272,2019-05,15.473482,127354
3122,2019-05,13.419626,48118
2524,2019-05,15.868916,167039
377,2019-05,17.279047,39886
353,2019-05,14.400045,27254
1571,2019-05,19.374167,147585
999,2019-05,20.782209,27220
2402,2019-05,17.829398,121028
2212,2019-05,19.865230,166705
370,2019-05,15.049611,23949
140,2019-05,20.660297,96160
3121,2019-05,12.407255,33579
3133,2019-05,16.385187,31642
3351,2019-05,14.896917,25242
2273,2019-05,18.297311,180838
722,2019-05,2.114203,597
302,2019-05,15.681018,62103
217,2019-05,19.483722,20253
3011,2019-05,13.342651,20921
3132,2019-05,12.598863,21493
355,2019-05,16.937617,33190
452,2019-05,17.419683,26952
1472,2019-05,20.004519,151544
3172,2019-05,19.278592,35550
371,2019-05,18.348055,56756
2101,2019-05,14.479029,101955
303,2019-05,11.665255,23638
2521,2019-05,14.278467,66675
2141,2019-05,17.497219,51303
2274,2019-05,17.557338,147695
